position_in_window,n_sites,p_A_mean,p_C_mean,p_G_mean,p_T_mean,true_base_prob_mean,surprise_nats_mean,entropy_bits_mean,top1_minus_top2_mean
0,50,0.2353203073143959,0.26359463095664976,0.26517100632190704,0.23591313093900682,0.2777898173034191,1.3154503209798336,1.9335074353218078,0.06980388969182968
1,50,0.23983557507395745,0.29018377885222435,0.24416932597756386,0.22581005722284317,0.30763660177588464,1.232874110748051,1.8715443062782287,0.10054540395736694
2,50,0.25523015901446344,0.2610681366175413,0.2612508172541857,0.22244954988360405,0.30524605080485345,1.2511581730692796,1.8351467895507811,0.10482116490602493
3,50,0.2416063913702965,0.24948177177459002,0.2804244091361761,0.22848597526550293,0.2911435507237911,1.3225687623020772,1.8300959753990174,0.11216914802789688
4,50,0.23817165330052376,0.2451654990762472,0.3005657915771007,0.21609455719590187,0.2839515745639801,1.3905401365725059,1.834981300830841,0.09770214557647705
5,50,0.2405134031176567,0.3081048539280891,0.2508807347714901,0.20049856275320052,0.269255313128233,1.4331538902283159,1.8334588527679443,0.11219237208366394
6,50,0.2352038161456585,0.228630835339427,0.3034610487520695,0.2327023109048605,0.28189017459750176,1.3483015797255913,1.8171415662765502,0.1110737842321396
7,50,0.22575870111584664,0.2780951555073261,0.27802038230001924,0.218123232871294,0.303546185195446,1.2831283765165709,1.8332365822792054,0.11538918852806092
8,50,0.21441791646182537,0.27627214409410955,0.2912926772981882,0.21801407679915427,0.2957595179975033,1.3456874335607594,1.8237156057357788,0.12548054605722428
9,50,0.23901487484574319,0.2725625554472208,0.24508423872292043,0.2433353216946125,0.2666426227986813,1.4880081307869188,1.8004888224601745,0.1303895515203476
10,50,0.21761584594845773,0.25724347222596405,0.2946719741821289,0.23046255007386207,0.2914903685450554,1.3221673541144474,1.8290623497962952,0.10633342742919921
11,50,0.2098443752527237,0.29012779012322426,0.28334949269890786,0.21667515680193902,0.35756856441497803,1.087479603267726,1.7958384799957274,0.12981516540050506
12,50,0.23676525920629501,0.288788620531559,0.24509605020284653,0.22934651389718055,0.34485049307346344,1.1456642016667131,1.8078102564811707,0.11951461672782898
13,50,0.2405526413023472,0.26640699461102485,0.25586209081113337,0.23717562541365622,0.31766685739159584,1.2359905446807689,1.8121994042396545,0.1371743467450142
14,50,0.21546767868101596,0.2774479153752327,0.3002104029804468,0.2068708438426256,0.34629481643438337,1.123803593108345,1.7882962155342101,0.1334306800365448
15,50,0.24160072714090347,0.27489252615720033,0.263234999999404,0.22026268742978572,0.31793178871273997,1.198348016258811,1.7869431638717652,0.10527135401964188
16,50,0.22423037238419055,0.2629427789151669,0.30156579419970514,0.2112553445994854,0.2986218950152397,1.315697168312578,1.8142958307266235,0.1259988948702812
17,50,0.21200749836862087,0.28645009845495223,0.28514918699860575,0.21638405106961728,0.3107527232170105,1.2671301194491873,1.814863727092743,0.12573366165161132
18,50,0.21871563971042632,0.2955612104386091,0.2796181385219097,0.20610080480575563,0.32368090614676476,1.2230961571833288,1.8011097025871277,0.12011388212442398
19,50,0.2185403960198164,0.2820036978274584,0.2700603260099888,0.22937119118869304,0.3245141443610191,1.2310179263134515,1.7951713871955872,0.134679693877697
20,50,0.2306723203510046,0.29167217694222924,0.237416897341609,0.24023129843175411,0.29843193471431734,1.3403536055534406,1.8040468907356262,0.13647169142961502
21,50,0.2101315151154995,0.2792914713919163,0.2770766232907772,0.2334897494316101,0.3099115227162838,1.2697041563637295,1.8075052618980407,0.1187790411710739
22,50,0.2153540360927582,0.3009037686884403,0.2748257528990507,0.20890807509422302,0.316488935649395,1.2675121514594587,1.826410276889801,0.12934450298547745
23,50,0.23707322977483272,0.28353040777146815,0.2496922331303358,0.22969485059380532,0.3251288095116615,1.184142318369458,1.800463011264801,0.1150046420097351
24,50,0.22901185616850853,0.27595543153584,0.25258917450904844,0.24243745408952236,0.33547605663537977,1.1551374595015844,1.8011755967140197,0.10687397360801697
25,50,0.21502256125211716,0.3024795238673687,0.25401731409132483,0.22847491361200808,0.3115274265408516,1.2384845909004267,1.8124983072280885,0.12742168694734574
26,50,0.22753369092941284,0.26807301938533784,0.2731962306052446,0.23119087964296342,0.3187973907589912,1.231094482238565,1.8019609475135803,0.1286085680127144
27,50,0.20375625047832727,0.3176794885098934,0.26199216455221175,0.21656622879207135,0.3086640593409538,1.2385411770980115,1.8124326252937317,0.11234933584928512
28,50,0.21765091642737389,0.2931424308568239,0.2624103380739689,0.22678969517350198,0.29448391258716583,1.3510794380322042,1.7984530568122863,0.12909249991178512
29,50,0.21523952342569827,0.2982648911327124,0.2572321597486734,0.2292569597065449,0.34617420837283136,1.172797103056838,1.7847122550010681,0.13753462702035904
30,50,0.21164270773530006,0.29559661604464055,0.25880231261253356,0.23395356878638268,0.3375644253194332,1.1759644158324636,1.7636825704574586,0.14910877525806426
31,50,0.22618496507406236,0.3013140619546175,0.24769627347588538,0.22479940488934516,0.3013057090342045,1.261492130073443,1.8512787079811097,0.09240629285573959
32,50,0.24251957580447198,0.2657039704173803,0.26494881615042687,0.2268232212215662,0.30463056214153766,1.308555322707035,1.7898738551139832,0.13134723603725434
33,50,0.23562373600900174,0.2663119278103113,0.2604962621256709,0.23756302773952484,0.32695639118552206,1.2192118169361712,1.7858752250671386,0.1458548590540886
34,50,0.22348318845033646,0.26951674856245517,0.2774518243223429,0.22954391971230506,0.32787016302347183,1.1887594781629147,1.8317473673820495,0.10308020144701004
35,50,0.24872842371463777,0.24157656840980052,0.26896259672939776,0.2407280085980892,0.324804612249136,1.2001965859043777,1.8135938763618469,0.13566913068294525
36,50,0.2305160617083311,0.27539730079472063,0.2654188418388367,0.22866378299891948,0.33373485833406447,1.172126557404933,1.8115043783187865,0.12202315390110016
37,50,0.23538172513246536,0.25580514639616014,0.2607023490220308,0.2481062650680542,0.3021971479058266,1.2703172811516539,1.8116161918640137,0.11950756579637528
38,50,0.24657911144196987,0.26316348288208247,0.25996547371149065,0.23028501264750958,0.3058692701160908,1.2801391761482728,1.8197186875343323,0.12424618184566498
39,50,0.21976723451167346,0.24997668985277413,0.3168525991588831,0.213395805824548,0.29674077600240706,1.3355406258714686,1.7853650432825088,0.14019147902727128
40,50,0.22727990440092982,0.2932767814397812,0.24285124983638526,0.23658780239522456,0.32196126997470853,1.2354267945560828,1.7797031223773956,0.13809758991003038
41,50,0.2297326020989567,0.27676806405186655,0.26379932011477647,0.2296957268938422,0.3286889822781086,1.22792109473916,1.78789388358593,0.15979933381080627
42,50,0.2300853507220745,0.265805302914232,0.2832935120537877,0.22081332441419363,0.33564846619963645,1.1687281343572227,1.7912024068832397,0.1281948983669281
43,50,0.2531935841217637,0.27394326323643325,0.24858804676681756,0.22426894843112677,0.3155708284676075,1.2638701069994938,1.796093120574951,0.12637510597705842
44,50,0.2313184627518058,0.3016405924037099,0.2563796251639724,0.21065622993279248,0.35352463766932485,1.142476471934301,1.7475204795598984,0.1720229470729828
45,50,0.21665538584813476,0.2704463840276003,0.2774187449552119,0.23547464050352573,0.3068360608816147,1.2454858160555489,1.7964363074302674,0.12408139586448669
46,50,0.22266165122389794,0.27897089010104537,0.2777074818685651,0.22065516717731953,0.31844994813203814,1.2238042036859609,1.7939647769927978,0.11898016840219498
47,50,0.22928210168145596,0.2682347337901592,0.29343256920576094,0.20904537580907345,0.3192025760561228,1.2459843895761582,1.7817587912082673,0.13492376387119293
48,50,0.2208940276503563,0.3004581356048584,0.26766921173781155,0.21097365852445363,0.31506011202931405,1.2574927274043899,1.7912992072105407,0.1267482215166092
49,50,0.222056228145957,0.2756499094888568,0.2937212786450982,0.2085674475459382,0.3079666289687157,1.2564069186172337,1.8030711615085602,0.132851325571537
50,50,0.23994568548165263,0.2624177644215524,0.2532334420457482,0.24439746640622617,0.3271987000107765,1.2350655884377741,1.7618103036284447,0.14662212759256363
51,50,0.2187395378947258,0.29901696731569244,0.28756721667945384,0.1946725127706304,0.29132668748497964,1.3480776780110508,1.7710455229878426,0.1394325339794159
52,50,0.22979269217699766,0.25855794773902746,0.29659253600984814,0.21505257667042316,0.33967237737029793,1.1911458416325822,1.7583422300219536,0.12889063209295273
53,50,0.23721008897759022,0.28715282775461676,0.23776184773538261,0.2378696621209383,0.3452178499102592,1.1638351832047198,1.7761419570446015,0.1695233491063118
54,50,0.21514710595831274,0.2534729338623583,0.28065366603434083,0.25071876764297485,0.37326908513903617,1.0686328657216873,1.7642880332469941,0.14988474637269975
55,50,0.2355105724465102,0.28576075062155726,0.23839544476009905,0.24032765038311482,0.34121753625571727,1.1888239286954307,1.7649979799985887,0.14373546183109284
56,50,0.24702694445848464,0.2653222311101854,0.2652997789531946,0.22234637923538686,0.34064544111490247,1.205814549645105,1.759380840063095,0.14066664695739747
57,50,0.24709060177206993,0.2970203998684883,0.2379449798539281,0.21794090643525124,0.32604851946234703,1.2122850300828651,1.7655060648918153,0.12141733318567276
58,50,0.22035820759832858,0.25043942202813924,0.2941204310581088,0.23507758321240543,0.3463053569197655,1.1591899091380946,1.765815213918686,0.12401643395423889
59,50,0.2390123855881393,0.2979511319845915,0.2525808373466134,0.21045116536319255,0.34073774710297583,1.1939402932411294,1.7664190244674682,0.16030089914798737
60,50,0.2286401882348582,0.2912353983521461,0.26377863793633877,0.2163406654447317,0.3245085072517395,1.235340801575308,1.7856976211071014,0.12409104406833649
61,50,0.23362005689647047,0.25217302367091177,0.2714470257784706,0.2427541770040989,0.3166907058656216,1.256794508970521,1.7770257660746573,0.13562144130468368
62,50,0.21876535683870316,0.31273438619449734,0.26261235266923905,0.20588397092185914,0.315734743475914,1.2733248811981868,1.7565167939662933,0.1668109318614006
63,50,0.23417356920894236,0.2574180762469769,0.2489142340212129,0.25948959156870843,0.32804845452308656,1.2237268147148868,1.7649343135952948,0.15033627539873123
64,50,0.22874410346150398,0.2819133097026497,0.25435079120099546,0.2349876351142302,0.34369569182395937,1.1641165932228323,1.7716737282276154,0.15449975579977035
65,50,0.2622643327713013,0.2714882099279203,0.24763354485854505,0.21860877550207078,0.3343278758227825,1.2137359169161983,1.7515879654884339,0.16419732332229614
66,50,0.23359050523489713,0.28997824820689855,0.23590229908935725,0.24052316829562187,0.33870118752121925,1.227276094078936,1.7693573592603207,0.1385634297132492
67,50,0.25166871326044205,0.2799641176685691,0.2364962836820632,0.2318670094013214,0.33512854889035226,1.1987434465812727,1.7512579905986785,0.14216421753168107
68,50,0.22255729530006646,0.3140381315350533,0.2499128515413031,0.21348788544535638,0.3521896082162857,1.1549745171386192,1.7303901368379593,0.18716992318630218
69,50,0.2436350019974634,0.2855257739499211,0.2527980376104824,0.21803770914673806,0.3581536178290844,1.1351125869638081,1.7480536544322967,0.15067149430513382
70,50,0.2464183297753334,0.2948311351099983,0.24430639253463596,0.21443975317524747,0.34220020785927774,1.1880797237680563,1.7578051088750362,0.1659826874732971
71,50,0.2526299569010735,0.2289354917127639,0.28219496794044974,0.23623498395550996,0.3206442227214575,1.2749404008648326,1.7496188020706176,0.17037904977798463
72,50,0.2124713627807796,0.31619788251817227,0.2689132897090167,0.2024118958413601,0.3449854985624552,1.1923778640218046,1.7593134713172913,0.17341113209724426
73,50,0.28187414817512035,0.2509091191226617,0.2262541658245027,0.240956952534616,0.31968991801142693,1.2596609330640491,1.7491968646645546,0.13575030356645584
74,50,0.21970669928006828,0.31467881359159944,0.24832733513321728,0.21728295631706715,0.3419955588877201,1.2290153647895385,1.7576735764741898,0.18006993055343629
75,50,0.22252968969987705,0.2706101744994521,0.24561556942760945,0.2612380431592464,0.32819542616605757,1.2371918454592434,1.7766966074705124,0.1364533308148384
76,50,0.2345514354854822,0.28241812674328687,0.24106069704983382,0.24196547612547875,0.32266791950911283,1.2490220472558249,1.775114765316248,0.13593350023031234
77,50,0.23709241768345238,0.24463344790041447,0.24923291200771927,0.2690362998843193,0.32773073226213456,1.2130867965127754,1.7695367419719696,0.1334743469953537
78,50,0.22797302514314652,0.2795291038509458,0.26084060315042734,0.23165153597015886,0.3110237742215395,1.3156918116462755,1.7852314931154252,0.1290404412150383
79,50,0.22616403512656688,0.2772838006657548,0.2700149842351675,0.22653029994107782,0.3378168149292469,1.2338301830555676,1.7263979768753053,0.19547897905111314
80,50,0.21464556347578764,0.3003790801297873,0.2666681833937764,0.21830445462139322,0.31582368671894073,1.2809172598526501,1.7504651138186456,0.18055918753147127
81,50,0.24119763724505902,0.2644750632857904,0.26963509839959443,0.22468662091763691,0.33550677746534346,1.202912761485256,1.755931005254388,0.15649812251329423
82,50,0.2283980106562376,0.2562696442834567,0.27776136226952075,0.2375650403322652,0.2981792685389519,1.3345803443362094,1.8039275163412094,0.13552956998348237
83,50,0.20527212969958783,0.2653074754588306,0.2894203846901655,0.23999394003301858,0.31943796515464784,1.2576873073967234,1.7827395090460778,0.141888590157032
84,50,0.20329664669930936,0.3292789313197136,0.2616554303467274,0.20576522868126632,0.3440080524981022,1.1550841444438225,1.7958576416969299,0.1418787172436714
85,50,0.23172779453918338,0.27937662705779076,0.22477650583721698,0.2641154056042433,0.33912709817290304,1.1911595328504851,1.7705988883972168,0.13930441468954086
86,50,0.21952829539775848,0.29022370686754584,0.2639662706851959,0.22627811854239555,0.3403995914757252,1.1632599017194665,1.7568092846870422,0.13969543516635896
87,50,0.24790172956883907,0.28851294110063463,0.24467757806181908,0.21889852153602987,0.32721035793423653,1.2465396604101209,1.761284219175577,0.16546921759843827
88,50,0.22065669149160386,0.25086883873213084,0.28748762868344785,0.24098107542842626,0.32064401417970656,1.2171899254266525,1.778601505458355,0.13430626720190048
89,50,0.20502522706985474,0.2577087022177875,0.2880679303407669,0.24919414301402867,0.3629980021715164,1.0977957343891298,1.7727618592977523,0.16151898175477983
90,50,0.19857126383110882,0.305233703777194,0.2636506817769259,0.2325406102836132,0.3325390625,1.204226818862205,1.7866796827316285,0.15249753028154373
91,50,0.22141417369246483,0.2530739676835947,0.2763662651181221,0.24912468822672962,0.33268319591879847,1.2212584427471616,1.7576647090911866,0.1380833327770233
92,50,0.21653436809778215,0.28092904114630074,0.2724248806014657,0.23010694655589758,0.3233893084153533,1.2784357286302244,1.7657757586240768,0.14088890433311463
93,50,0.23784185484051704,0.2786707440298051,0.2554491752386093,0.22802822348661722,0.32120092257857324,1.2443892211504473,1.7755018293857574,0.1429983928799629
94,50,0.23155342563986778,0.27039053224027154,0.2778405824676156,0.22020935259759425,0.32971706561744213,1.2279459192444933,1.7935477709770202,0.14449048817157745
95,50,0.21460829935967923,0.24070407655555756,0.30421705536544325,0.2404613551683724,0.34022456683218477,1.1928806130528675,1.7599877274036408,0.17451779067516326
96,50,0.21610300324857235,0.2688789138896391,0.31768595218658446,0.19732693261932582,0.36007696509361264,1.1120948916011997,1.7760485363006593,0.1565414673089981
97,50,0.26633023664355276,0.2428969281935133,0.23638354257680474,0.2543818043451756,0.34124706566333773,1.159357952224068,1.7707331055402755,0.15440211296081544
98,50,0.20983918892452494,0.263156589763239,0.27938926522037943,0.2476099357008934,0.34524243623018264,1.1769219857719815,1.746346981227398,0.16127892941236496
99,50,0.22731939872726797,0.2928543278574944,0.24287222418934107,0.2369487801194191,0.3273276551812887,1.2085109860197603,1.785273916721344,0.1363970869779587
100,50,0.2451859410107136,0.2522603668272495,0.27435695778578517,0.22819119671359658,0.31264050051569936,1.256700270210499,1.7882642364501953,0.15313258677721023
101,50,0.23004336396697908,0.25932628266513347,0.26586755929980427,0.24475967563688755,0.33883377522230146,1.1618733909539034,1.767442923784256,0.15178508251905443
102,50,0.21030787178315222,0.2921439976245165,0.2521529853809625,0.24539049997925758,0.33998166531324386,1.1827360908345828,1.7677896976470948,0.1377497774362564
103,50,0.23122180363046937,0.27545748099684714,0.22363896999275312,0.26967410035431383,0.3484137026965618,1.1642927876375564,1.7686429446935654,0.13112986981868743
104,50,0.2081881858408451,0.2990130930906162,0.27137848529964687,0.22141604158096015,0.3442716085910797,1.1415603564672099,1.7719210427999497,0.1456569680571556
105,50,0.23756389513611795,0.28544419986661523,0.2662116552516818,0.21077549528097733,0.30340385377407075,1.3133727074633332,1.7633643542230129,0.1651950067281723
106,50,0.22200837094336748,0.278415421131067,0.28003529451787473,0.2195354299712926,0.29570256046950816,1.390298572762178,1.7703661090135574,0.14694495141506195
107,50,0.24423733673989773,0.2506602855026722,0.2925738939642906,0.21251900665462017,0.3108109779655933,1.279760219645514,1.7718030548095702,0.14947378993034363
108,50,0.22149858747143297,0.2985820607095957,0.2645045259827748,0.21541054420173167,0.3442591917514801,1.1240165413808554,1.7837721610069275,0.12051950693130493
109,50,0.23129752540262416,0.2825268304347992,0.26825508701149375,0.21791755706071853,0.32447489105165006,1.2240593374234763,1.7961652198433875,0.14037100195884705
110,50,0.24864725045859815,0.2946224947879091,0.24726171150803566,0.20946400705259294,0.35019633449614046,1.1388016718216525,1.7767581218481063,0.12998113989830018
111,50,0.22809279527515172,0.27663322060601786,0.27165655702352526,0.22360986132640392,0.3089831776916981,1.285258691082704,1.80467281550169,0.13421149879693986
112,50,0.23843645241111516,0.27633692655712366,0.2556882232427597,0.22953306506853552,0.3399663981795311,1.2111274508097085,1.7906756269931794,0.14735350489616394
113,50,0.24921914935112,0.2573865066608414,0.26348580616526307,0.2299045237293467,0.34650327637791634,1.1689483548046962,1.7711618801951408,0.15386548697948454
114,50,0.21769926723092795,0.27683425126597283,0.2898586328327656,0.2156041666911915,0.33779038235545156,1.1725068992665748,1.7809452882409096,0.14676134139299393
115,50,0.2181275304965675,0.29249744444619863,0.2588226499594748,0.23054806217551232,0.3222363191843033,1.2440995257829641,1.8035863989591598,0.1390017041563988
116,50,0.22108166888472625,0.30098949976731093,0.23663753958651795,0.24128518901765347,0.3373765395581722,1.1885452716785583,1.76628642372787,0.1581082424521446
117,50,0.22033234796021134,0.3103396913409233,0.23423340993002056,0.2350921119749546,0.3271992592513561,1.192702704982093,1.7906966352462768,0.1400490230321884
118,50,0.22617627173662186,0.29286422315984967,0.25374172601848843,0.22721492759883405,0.32261859610676763,1.2268718140073005,1.7890669775009156,0.14914179146289824
119,50,0.24771985307335853,0.30810888738837094,0.2351594527438283,0.2090092560881749,0.3409588743001223,1.1852028744192686,1.765732356905937,0.14755486756563185
120,50,0.23605038538575174,0.23184473803266883,0.2777777379006147,0.2543219731701538,0.3359599059820175,1.177793611335204,1.7464108845591546,0.14699198961257934
121,50,0.2379830802232027,0.2839790165051818,0.2718366140499711,0.2061956533975899,0.33156245067715645,1.2165298252932144,1.7522484335303306,0.17164227694272996
122,50,0.2256694794818759,0.2987987395375967,0.24943626538850366,0.2260916818678379,0.3234032474458218,1.2162290892816718,1.7856330198049546,0.14296437114477156
123,50,0.1878160254098475,0.32214010212570426,0.2824808347877115,0.20755917586386205,0.33489425033330916,1.2107909576562121,1.7609442210197448,0.1464058431982994
124,50,0.24348803788423537,0.28042421290592756,0.24181477408856153,0.23426924294792115,0.32651840403676036,1.2303497750958419,1.7392878098785878,0.1639544904232025
125,50,0.20877763845026492,0.2762373220734298,0.29645513840019705,0.21852535089477898,0.3200444196909666,1.2486541243688636,1.7540585225820542,0.16253451108932496
126,50,0.25210912795737384,0.27632736146450043,0.2248154800850898,0.24674436639994382,0.34230682618916036,1.1774566189371516,1.7636498129367828,0.14352546155452728
127,50,0.229047688851133,0.24700677312910557,0.2952158492151648,0.2287265596166253,0.34708997830748556,1.19021242238811,1.7639009982347489,0.1435696515440941
128,50,0.22049879588419571,0.29466982404701414,0.25841885450296104,0.22640891820192338,0.3202332956343889,1.2838085295102195,1.7831129994988442,0.13101716250181197
129,50,0.23477944418787955,0.2668746250867844,0.25514035359025,0.24320093750953675,0.28660524167120455,1.3679667666851358,1.790523185133934,0.12852885752916335
130,50,0.21518100693821907,0.2761348748486489,0.27276505559682845,0.23591370134148748,0.33528060019016265,1.2183821923840639,1.7340614557266236,0.15087072253227235
131,50,0.23583960235118867,0.24769404072314502,0.2861421039700508,0.23032120374962686,0.34086855575442315,1.175054123362252,1.7682399833202362,0.14888083517551423
132,50,0.2254241838492453,0.27057001553475857,0.25412339544389395,0.24987972922623158,0.33525981947779654,1.201280227150303,1.7667123848199844,0.14110885977745055
133,50,0.24867724284529685,0.24312267791014164,0.2693958647549152,0.23879961595637725,0.3282374059408903,1.2226687922472932,1.801907639503479,0.12834801226854325
134,50,0.24276987329125405,0.2552533074142411,0.28055787678807975,0.221411908804439,0.31391418948769567,1.2668868832705287,1.7790317735075951,0.13918865144252776
135,50,0.22256800319068135,0.2842447251826525,0.25154624167829753,0.24163789726793766,0.30280308425426483,1.2851912140314168,1.8077259600162505,0.12176525294780731
136,50,0.23567191511392593,0.277579962243326,0.2506512617506087,0.23609415823826566,0.33239953890442847,1.2055880875686065,1.7716604368388653,0.1377779173851013
137,50,0.21175781801342963,0.2632047925144434,0.2962410146743059,0.22879252798855304,0.3273757906258106,1.1917972363814973,1.7859438061714172,0.1519330409169197
138,50,0.24031622245907783,0.2845030355267227,0.22475222885608673,0.25042352539487184,0.3443347046524286,1.1842301864376992,1.7235470497608185,0.157190463244915
139,50,0.21178744934499263,0.25676795160397886,0.3037367018312216,0.2277049105335027,0.3003203550726175,1.3103137893354644,1.7939791131019591,0.14453771203756333
140,50,0.1977747908234596,0.31525898180902007,0.2557387237623334,0.23122374847531318,0.30597745805978777,1.3412953201545157,1.7482484829425813,0.1755124008655548
141,50,0.21138909611850976,0.2831010336475447,0.29493829287588597,0.21056688925717026,0.27641196057200434,1.3783832121455857,1.8105834430456162,0.12205487906932831
142,50,0.2314314851164818,0.282425894465996,0.25680631772615015,0.22932950873859226,0.3174670159816742,1.2635359681747815,1.7723470664024352,0.14760879129171373
143,50,0.22991228820756077,0.29119823611341417,0.23606887631118298,0.2428178001381457,0.34631244987249377,1.1630570918333938,1.7643832159042359,0.16821363657712937
144,50,0.24510440852493048,0.26786980076227335,0.24176320938393472,0.2452576031209901,0.33985520094633104,1.1931860525932383,1.7483251854777335,0.14504246711730956
145,50,0.20436571481637655,0.29414303228259087,0.2620760770328343,0.23941207759082317,0.33524654030799866,1.190078752558442,1.7595104014873504,0.14598048746585846
146,50,0.2044766846485436,0.29796580677852036,0.2537667060596868,0.2437851782888174,0.28958847595378756,1.4022338732427266,1.753422067463398,0.1536188641190529
147,50,0.22456974388565867,0.3062985851615667,0.23639392355456948,0.23273283965885638,0.3142896591871977,1.2639628190212258,1.7524007010459899,0.15544146597385405
148,50,0.20646334445569664,0.2663849654048681,0.2651477629004512,0.26199980586767196,0.3564294245839119,1.1325085527598615,1.7709105882048606,0.1580665361881256
149,50,0.22986184369772672,0.3016223224205896,0.2615201199427247,0.20699020204134286,0.3450085398554802,1.1458825431374564,1.7502221477031707,0.14878565579652786
150,50,0.23080979574937374,0.22715705323964358,0.25652233040658756,0.28550516195595266,0.35198896020650866,1.1514713810582184,1.7252521808445453,0.16532295942306519
151,50,0.21638960597570986,0.3038884590566158,0.26117652440443634,0.2185406494140625,0.36611029773950576,1.0750097581993707,1.772842824459076,0.13984744429588317
152,50,0.23103569742757826,0.2616794170951471,0.24387737058103084,0.2634007278084755,0.3374483493715525,1.21445204556272,1.7602378551661968,0.14592872947454452
153,50,0.23339516370091587,0.3082495991885662,0.22962585602886976,0.22872614189982415,0.32117363274097444,1.2620960484130166,1.7701174253225327,0.13834305644035338
154,50,0.2407069445727393,0.2670253474637866,0.22338742572581397,0.2688755782693624,0.3273840807378292,1.1973168521008704,1.7464676040410996,0.14246831715106964
155,50,0.23561733053531497,0.2850168420374393,0.255934976246208,0.2234268631413579,0.32161677077412604,1.251144727128786,1.764142604470253,0.1313433501124382
156,50,0.23442851420026273,0.2789992419816554,0.24396433832589537,0.24259971760213375,0.3269858276844025,1.2488775821523517,1.765131751894951,0.14242621928453444
157,50,0.22473609894514085,0.3125549242645502,0.24272763168439268,0.21997609317302705,0.3259205287694931,1.2105341612231002,1.768879885673523,0.13182739406824112
158,50,0.24193695875350385,0.28618660893291237,0.24412094875471665,0.22774725317955016,0.3414300502091646,1.2565511983114979,1.7196188122034073,0.18272789031267167
159,50,0.22255681500770153,0.293495764285326,0.24665306068956852,0.23729025840759277,0.3192840228974819,1.2734572312739498,1.775059300661087,0.14403758853673934
160,50,0.24092097686603664,0.25667049169540407,0.2859946728614159,0.21640498746186496,0.3468614432215691,1.1864988387482855,1.6989502120018005,0.1620117723941803
161,50,0.23858542291913182,0.28344912990927695,0.2554751295223832,0.2224867458269,0.3515146392583847,1.1564720008835352,1.728004276752472,0.16764084458351136
162,50,0.24914558112155646,0.25491872584447267,0.24340154867968522,0.2525293865799904,0.3246790973097086,1.2287014239032703,1.7491809421777724,0.15819928795099258
163,50,0.21499630860053004,0.313417297154665,0.2503754987940192,0.22120504312217235,0.3386309267580509,1.1890116760508973,1.7570958018302918,0.13388575345277787
164,50,0.23072626410983502,0.279063754118979,0.2678679429064505,0.22233342997729777,0.33828102082014083,1.182956009122138,1.732311390042305,0.1604058787226677
165,50,0.23558153786696492,0.29129344046115874,0.2614654230698943,0.21165521897375583,0.36419275239109994,1.1431165783543875,1.717555577158928,0.1920800793170929
166,50,0.24132535723038018,0.265935492515564,0.2625938241183758,0.23013756811618805,0.33712855115532875,1.2226978093958882,1.7213761818408966,0.16390780329704285
167,50,0.2049416997935623,0.30191906180232764,0.2905989887192845,0.2025316842738539,0.35585611671209333,1.148329406911942,1.7337819170951843,0.16248208284378052
168,50,0.24276793535798788,0.2843550820089877,0.2328840848733671,0.23998666539788246,0.33643639720976354,1.23425566757529,1.7256050366163254,0.16337923139333724
169,50,0.23293771407566966,0.29547478325665,0.25130589997395875,0.22027482632547618,0.35024233162403107,1.1363101332945178,1.7700295782089233,0.15867215484380723
170,50,0.24924426353536547,0.27837413910776376,0.2368713005189784,0.2355059316381812,0.368053175508976,1.1430960946961353,1.7186219000816345,0.1689522609114647
171,50,0.2316774982959032,0.3029491381626576,0.23832227525301278,0.2270435307500884,0.3741969721019268,1.1002012393909149,1.7135352182388306,0.18389111995697022
172,50,0.24445218622684478,0.2755872279126197,0.26073489973787217,0.219220419365447,0.34920641511678696,1.2235327429642708,1.6894506710767745,0.17064612478017807
173,50,0.2169681318104267,0.30689630076289176,0.2702825336903334,0.20584728572517633,0.34788708969950677,1.1775687225005422,1.7238040828704835,0.1751083528995514
174,50,0.2530084189027548,0.2585570288076997,0.27207240357995033,0.21635473802685737,0.3336522327363491,1.2186898822655399,1.7600914430618286,0.15573507457971572
175,50,0.23940490759909153,0.2947368299216032,0.23168735545128583,0.23416454568505288,0.35742216251790526,1.1331680330512843,1.7147713619470597,0.17164984256029128
176,50,0.23342436715960502,0.2837212183326483,0.26802421238273383,0.2148224641662091,0.35720533430576323,1.118480922315834,1.730776162147522,0.17088466614484787
177,50,0.23483886387199163,0.30551318676676603,0.23569621121976525,0.22394539949018508,0.37453411519527435,1.095767198681135,1.7087879574298859,0.17839871525764464
178,50,0.24874540912918747,0.2992139293253422,0.2254936979454942,0.22654203271493314,0.3458997827768326,1.1822910745517494,1.7055838224291802,0.18196988493204116
179,50,0.2572784022241831,0.25883826420176775,0.24532848463393747,0.23854830000549554,0.36303860440850255,1.1196591679078174,1.7052486848831176,0.17184045881032944
180,50,0.23280316554009914,0.30286325968801975,0.2739910039305687,0.19033762856386602,0.34851515129208566,1.1760500589738125,1.721130132675171,0.179674012362957
181,50,0.2457144701294601,0.2804727182537317,0.24898978658718987,0.2248193195834756,0.33989064052700996,1.1773993003126324,1.766883071064949,0.14265043407678604
182,50,0.24151396261528135,0.3015065446961671,0.23424195816740392,0.2227311759442091,0.3270622020959854,1.2761180999275732,1.7216129463911056,0.18124384075403213
183,50,0.25155492248013617,0.281345439273864,0.24863445083610713,0.21846155773848294,0.3290370409190655,1.215653370494533,1.7769919407367707,0.13072543770074843
184,50,0.2706780557334423,0.2951308664260432,0.2204817981272936,0.2137055292353034,0.3087079031765461,1.3264058118449327,1.741696070432663,0.15622877866029738
185,50,0.24537210639566184,0.28553683929145335,0.22631740108598022,0.24276881910860537,0.32218842655420304,1.2377523877518657,1.755610911846161,0.17192315608263015
186,50,0.21778640549629927,0.2863379250653088,0.2850229486078024,0.2108485725708306,0.31382739819586275,1.305492886047045,1.7408900845050812,0.163777976334095
187,50,0.22925338597036898,0.29373583249747753,0.2485330458683893,0.22847231145948171,0.3347782788425684,1.2384435353970025,1.759590398669243,0.1357670709490776
188,50,0.23438858869485557,0.30527536273002626,0.23850726414937526,0.22182428520172834,0.3436023713648319,1.1913267376606,1.7525520968437194,0.15956271409988404
189,50,0.2152467856835574,0.2869807281903923,0.2602037322986871,0.23756285689771175,0.3600078293681145,1.1146580427324877,1.7421862229704856,0.16149839103221894
190,50,0.22720544960349798,0.28336830452084544,0.28208374746143816,0.2073378668865189,0.34622862219810485,1.1786277783623391,1.7518778985738754,0.16418390452861786
191,50,0.23588622827664948,0.2570221157092601,0.27565755900810474,0.23143083185888827,0.31258995782583954,1.3159489219889315,1.7370991177856923,0.15186029225587844
192,50,0.24723780430853368,0.2672481565037742,0.25032114098547026,0.23518324367003515,0.3814352582395077,1.0696697095393244,1.7058555966615676,0.17994376569986342
193,50,0.25727882705628874,0.2650365251256153,0.22060324460268022,0.2570764818810858,0.3537339332699776,1.1360153101248043,1.7706343844532966,0.15653051912784577
194,50,0.2103519245737698,0.28225366577506067,0.2588155452522915,0.24857207894325256,0.34239182993769646,1.1964788213845265,1.7297570226341485,0.1577620130777359
195,50,0.21826322366949172,0.2515677337348461,0.2861326003680006,0.24403177566826342,0.3378198736906052,1.225624874922454,1.7399877071380616,0.16153070986270904
196,50,0.2329891541833058,0.28046501271426677,0.26805562047753484,0.21848183460533618,0.35847857855260373,1.167271637741824,1.717007291316986,0.15779328286647798
197,50,0.2404824018245563,0.25460426285862925,0.2425255324644968,0.26238501369953154,0.324449288547039,1.280362006395876,1.7552379810810088,0.1524770188331604
198,50,0.22421401385217904,0.2891252423031256,0.2733125752164051,0.21334316675551235,0.3411518092639744,1.239934374546098,1.7036154802888632,0.17463616728782655
199,50,0.22516973271965982,0.2569592636777088,0.2955898056924343,0.22227738272864372,0.34926280051469805,1.16562795343773,1.7497758227586746,0.1544611021876335
200,50,0.22748500565532595,0.27094610661268237,0.2612534171435982,0.2403116299584508,0.3546436616778374,1.163265880549676,1.6980754312872888,0.19019369453191756
201,50,0.21330534376204013,0.23900845165131612,0.29892490041442216,0.24875766129232943,0.3464433640241623,1.1956579466316848,1.730678215920925,0.17409009039402007
202,50,0.2434577628225088,0.28362547971308233,0.24629857626045124,0.22661427438259124,0.34492954217130317,1.2959814438641428,1.7097904926538467,0.2033666256070137
203,50,0.21736776925157755,0.25728047161363066,0.3015918439376401,0.22375674462877215,0.3727818964421749,1.1520775785651178,1.6859496472775937,0.19164070904254912
204,50,0.22046171076362953,0.25896146735176445,0.28075742519460617,0.239814275149256,0.328183119893074,1.2618285618875467,1.7054227247834206,0.17954665243625642
205,50,0.22656703671906142,0.2785460986383259,0.2619328702567145,0.23294918674975634,0.3171533706970513,1.407917290003013,1.6895801201462746,0.1827770522236824
206,50,0.2235319427214563,0.24081041360273958,0.30772105953656137,0.22793187810573726,0.3353052411973476,1.2304919302553698,1.7125113850831986,0.18719926506280898
207,50,0.20226959066465497,0.2641599964629859,0.3191795296431519,0.2143867006804794,0.3794023376703262,1.0504829020449689,1.7334653770923614,0.14638435065746308
208,50,0.24163962652441115,0.2264987765625119,0.2781652762251906,0.25368985590990634,0.34027698494493963,1.2609876992812925,1.6879945605993272,0.2011530163884163
209,50,0.2428561110049486,0.2520174820488319,0.29167470075655727,0.21344763925066218,0.3307715958356857,1.255218220511812,1.7188421222567558,0.15714426934719086
210,50,0.220382965747267,0.23658692534314468,0.2834459228254855,0.2595808005752042,0.3450826518237591,1.2087939175199085,1.7176257801055907,0.1527692684531212
211,50,0.2540373009070754,0.2643539218790829,0.2657598316296935,0.21584479918237776,0.37383927270770073,1.072731556310571,1.717051212787628,0.16002346962690353
212,50,0.23943314732052387,0.3028621088620275,0.23997288870625197,0.2177276292210445,0.3409005673229694,1.1826707281394466,1.7341043382883072,0.16987546414136886
213,50,0.20503008550498636,0.25473502222914246,0.2920428959163837,0.24818779725115747,0.34706403051735835,1.271400808967626,1.677414066195488,0.19724890679121018
214,50,0.2175734600238502,0.2915200847107917,0.2801619859971106,0.21073327725753188,0.3549237738549709,1.189572680320901,1.6746673274040222,0.2118361261487007
215,50,0.2505160727514885,0.26488344735465946,0.21629752501379698,0.2682948255026713,0.3487287651002407,1.2368752780297638,1.6746470810472964,0.2004340746998787
216,50,0.20948462819680572,0.27299234012374657,0.29732695922255514,0.22018881889991462,0.3147045407444239,1.3597551381558657,1.6785269001126288,0.18185668408870698
217,50,0.21279727682471275,0.23406865758821369,0.3284951004362665,0.2246231869328767,0.34683968052268027,1.227277836177603,1.696204743385315,0.1896340838074684
218,50,0.23986965799704194,0.26316903095692395,0.2768896042555571,0.22006612019613386,0.3467412668466568,1.184474916326477,1.710109755396843,0.19090397417545318
219,50,0.2112640750873834,0.2813378872955218,0.2727293279557489,0.23466416325420142,0.34374712496995924,1.213775825950596,1.7287702494859696,0.1844315055012703
220,50,0.23184644832275808,0.30525803316617384,0.26141830611974,0.2014718120614998,0.35837175741791727,1.1897386304040147,1.6950407594442367,0.1908770591020584
221,50,0.2293517770152539,0.26924197500571606,0.2737690254079644,0.2276335684582591,0.3518509244918823,1.2233282914046995,1.685186322927475,0.1881429773569107
222,50,0.212014520149678,0.2906956671923399,0.26531091107055543,0.2319739194959402,0.3168577413260937,1.3071836416207052,1.7460689520835877,0.1713729953765869
223,50,0.22002969030290842,0.24804974487051368,0.3121038566762582,0.21980981721542775,0.31032136365771296,1.2827751852415856,1.7434414052963256,0.1591077882051468
224,50,0.21660311952233313,0.2765405515115708,0.2836019468866289,0.2232498498330824,0.35642482846975326,1.1391178423243462,1.7139282113313674,0.17365755766630173
225,50,0.22014978010673075,0.27278863061685116,0.2835791591997258,0.22347791811916978,0.33196369975805284,1.2365570269359312,1.7285763654112816,0.1514608684182167
226,50,0.2141211736621335,0.2727570575568825,0.272786742518656,0.24032851971685887,0.3607009220123291,1.1757909655025796,1.7017179664969444,0.1913190719485283
227,50,0.24574552704580127,0.2783648881036788,0.24089323732536286,0.23499148658942431,0.33687406316399576,1.2458632411984012,1.713760957121849,0.18673694849014283
228,50,0.21565296274842694,0.2543470377940685,0.30487570229684935,0.2251195325423032,0.33393234461545945,1.2212049071795976,1.7169193407893182,0.17878735870122908
229,50,0.22546138419304043,0.28285765894223003,0.2779058070294559,0.21376291766529903,0.3671456263959408,1.1584482414477812,1.7151581093668937,0.17468405157327652
230,50,0.24383099881000816,0.27170710064005105,0.2673652856424451,0.217092567384243,0.3566657888889313,1.1744324271623436,1.6818218851089477,0.20882930666208266
231,50,0.220444017451955,0.2306336407829076,0.26846087818499653,0.2804564069211483,0.3272937897592783,1.317116971611352,1.6988812360912562,0.18236804723739625
232,50,0.22743403850123287,0.28171491677872834,0.26598086568061263,0.22486502305837347,0.31100417867302893,1.2971727902901629,1.736358602643013,0.13845383137464523
233,50,0.24050044849514962,0.2579534806427546,0.26616195585113017,0.23537774751428514,0.3138799732923508,1.2911369220958628,1.7233451907336712,0.17564172238111497
234,50,0.2174427094263956,0.27858542343601583,0.2823008575406857,0.22166564504615963,0.2884094563126564,1.3800885029598273,1.7452155846357345,0.1531240800023079
235,50,0.22618165109306573,0.26742606069659813,0.27356424752622843,0.2328196899034083,0.3466028919816017,1.1473659610805644,1.74764725625515,0.15421623408794402
236,50,0.23083776195766403,0.2523279195651412,0.24037111014127732,0.2764598043868318,0.3839428577572107,1.0789224480845547,1.7130018866062164,0.18173540711402894
237,50,0.2132263362314552,0.28262724161148073,0.25920652037952097,0.24493554294109343,0.33888978689908983,1.211508270355433,1.7649834600090981,0.1708638909459114
238,50,0.2622377774864435,0.2498053709603846,0.2551733828149736,0.23277737967669965,0.3296086933463812,1.298933626162678,1.7032755306363105,0.19672515034675597
239,50,0.22307107204571366,0.2894304279237986,0.27076064481865614,0.21673128928989172,0.331030600965023,1.2320620420687303,1.7536951464414596,0.13872900754213333
240,50,0.23827597721247,0.2259199020639062,0.2902785772574134,0.2455200586747378,0.3536240756511688,1.1543693828087829,1.7483015951514245,0.15646595597267152
241,50,0.23693761677015573,0.2509794659377076,0.2692112638847902,0.24286760170944036,0.37992308497428895,1.0631310987880374,1.7251787996292114,0.1873670634627342
242,50,0.21372019207105042,0.2890436290996149,0.2616403623484075,0.2355929708853364,0.3397163765877485,1.2106419550815242,1.7174081507325172,0.1809602651000023
243,50,0.19174210904166103,0.25851557466434316,0.29846269741654397,0.25127448777668177,0.3157296311855316,1.2806780996608536,1.7519132646918296,0.17311718702316284
244,50,0.1970804604468867,0.2637847667746246,0.29415385753498413,0.24497245013713836,0.34383046597242356,1.1978992964460966,1.7307509207725524,0.1556382593512535
245,50,0.1962126063555479,0.30319941621739416,0.2747177765518427,0.22586588844424113,0.30788390412693845,1.4131230356100608,1.7362014371156693,0.16357874006032944
246,50,0.2361209423094988,0.25872018235968425,0.2536238728836179,0.25152738511562345,0.3471659941971302,1.1542052598298178,1.7284249317646028,0.14192451030015946
247,50,0.22581388618797063,0.2969651370472275,0.25531288038007915,0.22190393770113587,0.3679322969913483,1.1159343023292538,1.719267313182354,0.18003225773572923
248,50,0.22170198243111372,0.2855001971777529,0.2793240612000227,0.2134680724260397,0.3546244230866432,1.204620458515054,1.70232207685709,0.17720937937498094
249,50,0.2335173536837101,0.2802484634332359,0.2618149578385055,0.22441214584279806,0.3276246456801891,1.3276580752251927,1.6724381506443025,0.21487215518951416
250,50,0.21432234370149672,0.273281282633543,0.2913030026573688,0.22108747348189353,0.3411717556416988,1.2093684140872212,1.7234222406148911,0.16159784376621247
251,50,0.2246903967903927,0.25930412229150535,0.2926213857322,0.22338053775019945,0.3692412340641022,1.0835818180523524,1.736955744624138,0.16965392589569092
252,50,0.2811753661930561,0.2318182570009958,0.24620887853205203,0.24079032856738194,0.35440678283572197,1.1525316426530994,1.722461331039667,0.17796057611703872
253,50,0.20901988487690687,0.2928821399947628,0.2967145383358002,0.20137994500575587,0.3360766495205462,1.3115252165546039,1.7317745953798294,0.1971023514866829
254,50,0.2248176083760336,0.2989987378194928,0.26239621808286756,0.213781667239964,0.3337381501868367,1.2673555392032738,1.723650500178337,0.17314842760562896
255,50,0.22857291638851165,0.2746552998572588,0.25908851376734676,0.23767899602651596,0.35788011521101,1.133398534204853,1.7156834554672242,0.17373813539743424
256,50,0.22621981684118508,0.2552737163752317,0.27124839495751074,0.24725115209817886,0.3673780442774296,1.1047886430556149,1.7256771835684777,0.17016104936599732
257,50,0.21444581251591444,0.2868458593543619,0.2940135780721903,0.20468987637199462,0.3682747980952263,1.1110073511679008,1.7077812230587006,0.19704271405935286
258,50,0.2482804201543331,0.23387048105709254,0.2661349190026522,0.2517059871740639,0.34791449800133706,1.1426027422143794,1.7625635957717896,0.1601598957180977
259,50,0.23541881754994393,0.27597935099154713,0.25568579368293287,0.23291189827024936,0.3613110417127609,1.1060248732737181,1.7512914395332337,0.17306554049253464
260,50,0.2509265545383096,0.2807578116748482,0.21736299014883115,0.25094891063869,0.3412246821820736,1.2234446059681077,1.7333207738399505,0.15171774089336396
261,50,0.2376711316406727,0.255595552129671,0.25485057540237904,0.25187518710969015,0.3217407623678446,1.2793588742948057,1.7489719103276729,0.17893126517534255
262,50,0.2909749187529087,0.24937687161378563,0.2343476027715951,0.2252911297092214,0.3290105481445789,1.250530562630046,1.7642248693108558,0.16121507346630096
263,50,0.22195521709974855,0.2846290682256222,0.2309901148825884,0.2624212707206607,0.35274606190621854,1.1617629532838003,1.7147787684202194,0.17657746374607086
264,50,0.24749181866645814,0.2961923014069907,0.21998585684224964,0.23632697625551372,0.3298098172992468,1.2432588752532443,1.7536786229908465,0.15812552064657212
265,50,0.22334188385866582,0.26809611186385157,0.2681580305472016,0.24039997592568396,0.31066331401467323,1.3255619408925832,1.7193706083297728,0.19266413033008575
266,50,0.209471290782094,0.2955537480395287,0.27473225485533476,0.22023759256582706,0.31865017384290695,1.2919226572774303,1.7253609645366668,0.18740074217319488
267,50,0.21711202919483186,0.2726316972635686,0.2814884015545249,0.22876164789777248,0.36609166860580444,1.1482294094580652,1.7175016540288925,0.18742968618869782
268,50,0.2244377691624686,0.27106144667603077,0.26447229824960233,0.24002037435770035,0.3850772307813168,1.037965523780661,1.731657034754753,0.19924277901649476
269,50,0.2390739805996418,0.237826786194928,0.29789940163493156,0.22519350556656717,0.35084032647311686,1.165173867465224,1.7427455163002015,0.17725039273500443
270,50,0.2700727789849043,0.2350889503408689,0.273426469466649,0.2214069655397907,0.371179089397192,1.12620986085797,1.7057742562144995,0.18727977126836776
271,50,0.2535491560399532,0.274087176322937,0.2738158101961017,0.1985438188072294,0.3310290111601353,1.2064991072937412,1.7603497716784478,0.14501004427671432
272,50,0.2454584841430187,0.265670708110556,0.28882519581355154,0.200035022161901,0.2996617901325226,1.3386396548266928,1.764222735464573,0.15592838138341902
273,50,0.23046428636647762,0.3361971129849553,0.24052165272063575,0.19281294718384742,0.36985827177762987,1.1361586163078417,1.7050270277261734,0.1877699077129364
274,50,0.23828951421193778,0.2925011706352234,0.24212623186409474,0.22707920860499142,0.2926992927491665,1.3598079061480144,1.75132393181324,0.16073087990283966
275,50,0.2381686208769679,0.29067399125546217,0.26270711548626424,0.20844314536079764,0.36630107164382936,1.1097384991943655,1.719291735291481,0.17983653277158737
276,50,0.23808278157841414,0.2910325744072907,0.26260235419729727,0.2082771424856037,0.35847156956791876,1.1498551563682191,1.7364371567964554,0.1669996577501297
277,50,0.2693867743015289,0.22225684070959686,0.28541547641158105,0.22293525855056942,0.3477786801755428,1.1693246004322126,1.709575777053833,0.17969185948371888
278,50,0.2281794096995145,0.25596683776937423,0.28180434967856854,0.2340456309914589,0.3546257234364748,1.1577713324312449,1.72803419560194,0.15803497582674025
279,50,0.23012812873348593,0.2741347592510283,0.276302535943687,0.21942866172641515,0.3407253917306662,1.2187660217067684,1.7182175099849701,0.1777329534292221
280,50,0.19805042440770193,0.29095918803475795,0.26498304728011135,0.24600345209240915,0.3494917783141136,1.1856723706449508,1.7349152813106776,0.171757749915123
281,50,0.23573711853241547,0.2920078831911087,0.2351075874781236,0.23714342404156924,0.34408180773258207,1.153448376153322,1.7300225147604942,0.17236010283231734
282,50,0.2463202684186399,0.22778836443088948,0.26897410762729124,0.25691249236464503,0.3499446226656437,1.173776090729042,1.7377756947278977,0.1605255725979805
283,50,0.2679286780208349,0.2569020805740729,0.262832247922197,0.21233209648169576,0.3852548561990261,1.0732627414250144,1.7174573315680026,0.18277289122343063
284,50,0.2718324486725032,0.24574884582892992,0.26270679764449595,0.21970745218917728,0.335680381655693,1.2174547372464228,1.7443018573522568,0.15188489645719527
285,50,0.23730974558740855,0.238878169991076,0.3080237797135487,0.2157850879104808,0.3433003549277782,1.2078003568698883,1.7310250264406204,0.16625426977872848
286,50,0.2937261340022087,0.23845936207100749,0.25457813784480093,0.2132299971487373,0.33728229865431786,1.1956443794971323,1.7123868502676487,0.17643900513648986
287,50,0.24355458096601068,0.2667273214273155,0.27879678905475885,0.21091787837212905,0.3186322090029716,1.3093815396711068,1.7296808387339115,0.16550239264965058
288,50,0.25725248813163487,0.2543057407462038,0.2713159118965268,0.21712173406267538,0.3324729572236538,1.2057066036175421,1.7430874440073967,0.16171777307987212
289,50,0.26973090536892413,0.24424946580373216,0.27232259628362954,0.21368857762543483,0.37344919845461844,1.0777427305102782,1.7341999843716622,0.16738559186458588
290,50,0.24503250509500504,0.2579456185409799,0.270298216920346,0.2267200095113367,0.3317214395850897,1.2533878706327215,1.7553477412462235,0.1792443174123764
291,50,0.2222203064057976,0.2923828116804361,0.24467411756049842,0.24071823757141828,0.34785649582743644,1.1849557381194267,1.7536261576414107,0.150152046084404
292,50,0.2631390511523932,0.2834178332798183,0.22946381606627256,0.223973692888394,0.32369578525424003,1.2300958755842084,1.765090351998806,0.1518767061829567
293,50,0.24414896882604809,0.2531159885041416,0.24914436595747247,0.2535872584581375,0.3572677175700665,1.192023837643885,1.7152926898002625,0.17862947195768356
294,50,0.2361300177872181,0.2366254446655512,0.3064167951140553,0.22082344779744745,0.36162142783403395,1.1683585258637512,1.68310603171587,0.19694247514009475
295,50,0.23998375542461872,0.28904981138883157,0.28107379301451146,0.18988805222557859,0.3279916225373745,1.23356665768446,1.715240126848221,0.15927737832069397
296,50,0.24017522506415845,0.2668450549291447,0.2878375328797847,0.20513689049519598,0.3098863461613655,1.315517217155068,1.7543589961528778,0.16492134630680083
297,50,0.22568546892143787,0.3031066856533289,0.2532273970358074,0.21797550265677273,0.3632000996917486,1.1221689239204866,1.7216082939505577,0.15976130455732346
298,50,0.24665611490607262,0.2605981478234753,0.24527326704235747,0.24746771648526192,0.33864954382181167,1.192099402668647,1.7393247403204442,0.15032974183559417
299,50,0.23263381851371379,0.250969027178362,0.27893756015924737,0.23745165378786623,0.3405771265923977,1.2085526203265398,1.7079654628038405,0.1808151373267174
300,50,0.2421401270199567,0.3154660576093011,0.24579784778878092,0.19659128274070098,0.32677078384906055,1.2495746971828208,1.751442301273346,0.166828693151474
301,50,0.25277796141803266,0.2566798768658191,0.28446036234498023,0.20607638533692807,0.34793339982628824,1.1729805869203052,1.7172949182987214,0.18267039269208907
302,50,0.21927795111201703,0.283553731366992,0.276653540302068,0.22051079731434584,0.3265620504319668,1.1997266652567582,1.7928946167230606,0.1352543491125107
303,50,0.23484277025796474,0.2923277622531168,0.27102282480336726,0.2018006754061207,0.32877364174928514,1.2962954054467892,1.7500404053926468,0.17295255690813063
304,50,0.22705571219325066,0.30491190831176934,0.2686928830295801,0.1993345193564892,0.3346757657080889,1.2590082737207466,1.728020316362381,0.15785921066999437
305,50,0.20084511011838913,0.2655267570726573,0.292403481528163,0.2412199457990937,0.29614160425961017,1.386452612585368,1.7658753642439842,0.15309326052665712
306,50,0.21955067202448844,0.275304823894985,0.2982988402247429,0.20684169022366405,0.33605379149317743,1.2268121143361688,1.7275929433107375,0.16234144687652588
307,50,0.22512756700627506,0.2724338834360242,0.28287873762659727,0.21955509824678301,0.33574510231614113,1.2286939673225883,1.7513065508008003,0.14081548124551774
308,50,0.23230857517570258,0.2760322051681578,0.28050265319645407,0.21115288816392422,0.3172784845530987,1.2424345175454143,1.758424093723297,0.12774804770946502
309,50,0.23904123675078154,0.25670154879335316,0.2675585410115309,0.23669347379356623,0.3527159671485424,1.1337688187757278,1.7354974237084388,0.16653998136520387
310,50,0.2140525199379772,0.2950030974065885,0.29249269009567797,0.19844584525562822,0.36207833282649515,1.1282141965424328,1.7053904408216476,0.1822507733106613
311,50,0.21953285733237862,0.28281835493631663,0.28141408912837507,0.21623065101914107,0.3496376159787178,1.1521011416699047,1.7154669046401978,0.18040109008550645
312,50,0.22500271623954177,0.31413933569565416,0.25452427424490454,0.2063207981735468,0.34549399331212044,1.1724475115177375,1.7469920986890792,0.14585818737745285
313,50,0.24083593579009174,0.2549503830494359,0.2684399175690487,0.23576755466172472,0.37947841979563235,1.0594084536414297,1.7065687343478202,0.1773904773592949
314,50,0.20544448137283325,0.28172748216893523,0.3140688593685627,0.19875400462187826,0.34565213561058045,1.1564249318409767,1.7634425127506257,0.15273746162652968
315,50,0.20626727625727653,0.2557740144431591,0.3065273748477921,0.2314262869209051,0.31095726996660233,1.263850704340851,1.7546867269277573,0.15781638115644456
316,50,0.201997398044914,0.30393203445710243,0.28131908070296047,0.21274104826152324,0.35910511761903763,1.1586304495531454,1.7622847306728362,0.17554554373025893
317,50,0.22211724892258644,0.28327294438146056,0.24022250259993597,0.25438083074986934,0.34282577395439146,1.1971791012104223,1.7283829575777054,0.15795245826244353
318,50,0.20662169000133873,0.29255930967628957,0.2739234358817339,0.2268894134927541,0.33141525588929654,1.230414587170356,1.724562087059021,0.16735315710306167
319,50,0.2193947452865541,0.29848146736621856,0.25685143208131195,0.22526430681347848,0.3442951491475105,1.1746929846454939,1.7567241883277893,0.16198200225830078
320,50,0.2345476571470499,0.2691814162861556,0.26345526698976757,0.23280996458604933,0.33540393725037576,1.2361480067849033,1.7441938757896422,0.17630368798971177
321,50,0.1897107220441103,0.3525609277188778,0.2668044013250619,0.19091851487755776,0.3382024019956589,1.223494248356536,1.741691039800644,0.14308544337749482
322,50,0.21364874784369023,0.30001599714159966,0.2584770239330828,0.22785391841083766,0.3233352667093277,1.2583156904750876,1.7529899048805238,0.17846511095762252
323,50,0.19680494788102806,0.2640169771853834,0.3039672732225154,0.23520193725824357,0.3784681711345911,1.11341592007477,1.7102031469345094,0.20622550338506698
324,50,0.2282303726673126,0.30151606652885676,0.27064838495105503,0.19959754009498284,0.36908157370984557,1.1562844323883075,1.6707856196165085,0.17316848605871202
325,50,0.22892234658589586,0.23067910756915808,0.28718260234571064,0.2532088111341,0.3299035184830427,1.22286128615595,1.738043353110552,0.15315207809209824
326,50,0.219688710719347,0.2805298992805183,0.30586704052984715,0.19390795458573848,0.3622626456618309,1.121185673558568,1.7274829792976378,0.17184708565473555
327,50,0.24882013842463493,0.23869823072105645,0.2806448284164071,0.2318306329427287,0.3426886124163866,1.159592631544683,1.7560007679462433,0.14751838982105256
328,50,0.19646697199554183,0.2952308913320303,0.2566431557456963,0.251652704551816,0.35099606931209565,1.1435108559761382,1.7644065894186496,0.1563609266281128
329,50,0.22743323545437305,0.26595246147364376,0.2758991106459871,0.23070696022361517,0.35648962259292605,1.1316525520675556,1.7506366240978242,0.15931998640298844
330,50,0.24279325475916266,0.2763876060396433,0.23687995553715155,0.24393323991447688,0.35286141812801364,1.130032779954232,1.7550605821609497,0.16524978548288347
331,50,0.20795088517479599,0.26982644146308304,0.29410593266133217,0.22811285756528377,0.3246536357700825,1.274373088551747,1.7087906223535538,0.1622670015692711
332,50,0.24177178546786307,0.29166060328599996,0.2430272162426263,0.2235359008726664,0.29786172581952997,1.4796610489196882,1.744361846446991,0.16318113058805467
333,50,0.22120431765913964,0.295834996458143,0.2746412570029497,0.20831569171510636,0.3554032672941685,1.184482539513747,1.741500289440155,0.16487329751253127
334,50,0.218034752975218,0.29501958020031455,0.2499698182195425,0.2369719845801592,0.34669356770813464,1.2235010238995696,1.7062325876951219,0.19979348361492158
335,50,0.20018335677683352,0.24882518406957388,0.2969306637579575,0.25405420213937757,0.32209271483123303,1.2863849898713045,1.7213763886690139,0.17270587444305419
336,50,0.2192793843895197,0.28975051544606684,0.26548540709540247,0.2254702745564282,0.348047763556242,1.2023351642328233,1.7375720685720444,0.15472058147192003
337,50,0.20495009482838214,0.2968979045748711,0.2435171919199638,0.2546288591250777,0.3504983074963093,1.1363487974586244,1.7430947250127793,0.15971678525209426
338,50,0.21006818850524722,0.27638736913912,0.2525476531125605,0.2609902680665255,0.34267138846218587,1.1916770423702585,1.7526612970232964,0.16887482672929763
339,50,0.1956325958762318,0.285427365899086,0.3022338800132275,0.2167011097818613,0.3311079189181328,1.226828982664508,1.759182858467102,0.1459208047389984
340,50,0.21014695685356855,0.26499285038560627,0.2753693927824497,0.2494864546880126,0.3221509876474738,1.2740515206343506,1.7727085185050964,0.15902988314628602
341,50,0.20161435909569264,0.2878624819521792,0.2794204432144761,0.2310982864536345,0.34597482815384867,1.159367436403536,1.734466950595379,0.16339049279689788
342,50,0.20299259152263402,0.28318852312862874,0.29325258880853655,0.22056068353587763,0.33826401844620707,1.2111378417473724,1.7470372286438942,0.17259776800870896
343,50,0.2101555161178112,0.2965414892625995,0.2670815049810335,0.22621390436426736,0.33591515526175497,1.2172039386489695,1.7182906153798103,0.1919203755259514
344,50,0.19117400985211133,0.29025983343250117,0.2897945937514305,0.22876579087926074,0.35877374089322983,1.2155682162375019,1.6945250514149666,0.21140990436077117
345,50,0.19657376877963542,0.3072116927150637,0.2803660995513201,0.21584199440665544,0.3656189025938511,1.140740142848769,1.6887305292487145,0.184075485765934
346,50,0.216492821064312,0.2700873880088329,0.26263915717136116,0.250774800106883,0.3573206840455532,1.1425140728393703,1.7123907554149627,0.18847010135650635
347,50,0.21983531237812712,0.2658106981497258,0.26011158906389026,0.25423790261149404,0.3786657540500164,1.0804321805037476,1.7004481114447116,0.1825441312789917
348,50,0.2004122258350253,0.2650017778016627,0.3194244322925806,0.21515777561580762,0.37469545915722846,1.0939840500111562,1.6967769914865494,0.17693816035985946
349,50,0.2560170965641737,0.2169252704968676,0.25753362527117135,0.2695181929320097,0.3447789190709591,1.1924455125667182,1.7217619398236275,0.18133526235818864
350,50,0.17562544497661292,0.2621595194004476,0.32972582421265545,0.23248512201011182,0.38349698558449746,1.0906192231343506,1.6714378844201565,0.2083582055568695
351,50,0.21599846567958594,0.26407851503230634,0.310983323790133,0.20893624467309566,0.3427530364692211,1.2186387660990095,1.7124324178695678,0.19091540575027466
352,50,0.2069169350899756,0.26991784241981803,0.2689626671886072,0.25419635089114306,0.31576435144990683,1.3968956825791148,1.6765640628337861,0.185850633084774
353,50,0.2333515338273719,0.2920861873752438,0.24449476877227425,0.23006349984556437,0.34033793307840826,1.2444693959235023,1.6948029363155366,0.2011159387230873
354,50,0.24742268949747084,0.23050490994937717,0.2571760364621878,0.2648909776750952,0.3448068691790104,1.2353841173752615,1.6990930473804473,0.18557792037725448
355,50,0.22093551039695739,0.27277742182835935,0.2987406450510025,0.20753788925241679,0.37265957325696947,1.1159958751819268,1.7098365837335587,0.18750850290060042
356,50,0.26593279976397755,0.24908274330664426,0.2555656514596194,0.22941466650925577,0.3352149039506912,1.1860348577945061,1.7457610863447188,0.16085973411798477
357,50,0.2108368627820164,0.259261359651573,0.3131080227345228,0.21679061483591794,0.34317376241087916,1.2261846747246588,1.7013196462392808,0.20828754156827928
358,50,0.23550283581018447,0.2740684000775218,0.26387367136776446,0.22655069033848121,0.32768836855888367,1.2605649534559196,1.7366447925567627,0.17075205832719803
359,50,0.23622720886487514,0.2742808333830908,0.25457243810407815,0.2349144294229336,0.3428486356139183,1.1962373298976292,1.720981652736664,0.17680186569690703
360,50,0.1996586580760777,0.2996902176551521,0.2511603474500589,0.24948793664574623,0.34261440232396123,1.2053274621361199,1.7165218861401081,0.18400275468826294
361,50,0.2205437333788723,0.2661061176517978,0.27878285450860857,0.2345622955262661,0.35126581504940985,1.1939037093466323,1.7201948326081038,0.17295209288597108
362,50,0.22615673646330833,0.2039950407575816,0.3221023638918996,0.24774270852096378,0.3202757374942303,1.23852856548804,1.7563252806663514,0.1567513656616211
363,50,0.19611216813791543,0.2856543536484242,0.28983458791393785,0.22839526422321796,0.35843278735876083,1.1522703011850681,1.745043652355671,0.16474069833755492
364,50,0.22082614702172576,0.26419737068004906,0.2560692775063217,0.25890347502194344,0.31331793546676634,1.2992956717543402,1.7479786029458046,0.17910609841346742
365,50,0.23490665164776148,0.2517308406764641,0.27458044670522214,0.2387785014696419,0.318233575373888,1.2658258220328766,1.7480060525238514,0.16692593216896057
366,50,0.19523111403686927,0.2557643112447113,0.29108729616506024,0.25791339311748745,0.32417188346385956,1.2510882734818034,1.7368603613972664,0.17575965762138368
367,50,0.21915109844878317,0.2981337394588627,0.25557049228809775,0.22714051939896307,0.35609599843621254,1.1414075895097273,1.7553413860499858,0.174900042116642
368,50,0.2340317957289517,0.2754812857042998,0.25310144522925837,0.23738169042393564,0.3283939827978611,1.2646578060278617,1.7467598342895507,0.1713745990395546
369,50,0.22112349916715174,0.3227840793132782,0.23321547092171385,0.22287451554089785,0.33174688905477523,1.243774941706192,1.7388260102272033,0.1586426255106926
370,50,0.24359428716823459,0.2809867924940772,0.2388283771229908,0.23658694646786899,0.3529713581502438,1.164851335823212,1.735402706414461,0.16270606279373168
371,50,0.23135336009785534,0.26883965195156634,0.262277519274503,0.23752705206861718,0.34357653042301534,1.2038521084250409,1.7592408829927444,0.14104753583669663
372,50,0.21541746330447495,0.2556277167238295,0.29040507685393097,0.23854720257222653,0.3401233895123005,1.1942468891991531,1.755162895321846,0.1482744961977005
373,50,0.21956467281095685,0.24822850373573602,0.2966649936628528,0.23553825510200113,0.3398623575270176,1.2058635181738304,1.7583523124456406,0.15884072840213775
374,50,0.23192004211246967,0.26006640246137974,0.2694243142940104,0.23858143493998796,0.31765924982726573,1.3005229935127491,1.7498495769500733,0.15189492464065552
375,50,0.22230410881340504,0.2680205371999182,0.27796760057331993,0.2317047795280814,0.33848594486713407,1.1815385704792005,1.782048341035843,0.13155620276927948
376,50,0.22939972984138876,0.26107099434360864,0.26520631642313675,0.24431757433339954,0.31188188994769006,1.3397448151136282,1.7627063471078872,0.14610048443078993
377,50,0.22963231947273016,0.24386030616238713,0.2725276667624712,0.2539772693440318,0.3223391406983137,1.272152138751887,1.7504881030321122,0.16287651479244233
378,50,0.21236319724470376,0.27893732834607365,0.27793593525886534,0.23076084575615824,0.3233459816873074,1.2495077445219558,1.7898335403203964,0.13025630116462708
379,50,0.22246549669653176,0.23396188440034166,0.30791022554039954,0.23565992422867565,0.34830408841371535,1.1498215599770096,1.7788296887278556,0.13344429314136505
380,50,0.2158030628412962,0.2713432902097702,0.2833099321275949,0.22954083544900641,0.3152899707853794,1.2991564665811486,1.7627773731946945,0.16457187831401826
381,50,0.26398577861487865,0.26871330759488044,0.23607891781255602,0.23121970005682668,0.3179526130855084,1.2792691215686902,1.7611735651642084,0.13857405841350556
382,50,0.23045864127576351,0.25335912009351885,0.27839929804205893,0.2377794453408569,0.35310433626174925,1.1308133175079995,1.7519066447019578,0.1572205165028572
383,50,0.2211431168578565,0.26668658036738635,0.3071599984169006,0.2050036045257002,0.378664139509201,1.0600466534149677,1.7597175991535188,0.1713740360736847
384,50,0.22552228537853808,0.2763404144346714,0.2707176159811206,0.22741672895848752,0.335323144197464,1.2042811220942278,1.7695243582129478,0.14861493587493896
385,50,0.2426924345700536,0.2559219835931435,0.25116592124802994,0.2502135676145554,0.3301797060668468,1.2304109677253314,1.7546089294552802,0.15343180954456329
386,50,0.2166801695525646,0.2715051382081583,0.29473745957016945,0.21706863814266397,0.30368774250149727,1.3485169174118952,1.7527275228500365,0.13740998595952988
387,50,0.23229338077362627,0.2833818428218365,0.2538847598712891,0.2304320422350429,0.3082788357138634,1.3086234737956233,1.7703120562434196,0.13884651482105256
388,50,0.2248206337913871,0.2893430371861905,0.27373863000422716,0.21209209822118283,0.3280968514084816,1.2522313613488334,1.7582226979732514,0.15552328139543534
389,50,0.22760169878602027,0.2878885271260515,0.2515500541031361,0.2329537719069049,0.31567487396299837,1.3189962736028136,1.7324717456102372,0.15113079696893691
390,50,0.20549836944555863,0.2664231221750379,0.24899285653140396,0.27908000245690345,0.3163931255042553,1.2672295476142306,1.7425676399469376,0.1644372120499611
391,50,0.23492230024188757,0.2862315976060927,0.24779681123793126,0.23104411630425603,0.31012894824147225,1.276732393144524,1.769985515475273,0.12331480175256729
392,50,0.22799983993172646,0.293356553693302,0.2623419689107686,0.21629611805779858,0.34037172817392275,1.2503968227669646,1.7381450094282627,0.15914118617773057
393,50,0.2181402027234435,0.2780711995111778,0.26731248032301663,0.236471624718979,0.3740138857066631,1.0930655294753089,1.7038316535949707,0.1737356400489807
394,50,0.23083410885185005,0.3054911345988512,0.24604103540070354,0.2176293633133173,0.351753144711256,1.1842067369816485,1.7362034404277802,0.17365151047706603
395,50,0.20715219479054212,0.2862641181680374,0.2797967568971217,0.22678177365334704,0.34363861978054044,1.1746101097166735,1.754730978012085,0.13671610444784166
396,50,0.21966765001416205,0.26881904473062607,0.28553272277116776,0.22597622423432767,0.3538823340833187,1.1620333377887637,1.7401441383361815,0.1561088591814041
397,50,0.26117398001253606,0.2638441944681108,0.24648907862138003,0.2284850749769248,0.3314282947033644,1.2511560933644648,1.7287111827731132,0.17063119858503342
398,50,0.218262331422884,0.2729938687570393,0.24941376579226926,0.2593257262837142,0.3697484161704779,1.1543743433349598,1.709107389599085,0.18209601253271102
399,50,0.2257489994028583,0.26283731280826034,0.2749471184704453,0.23646109852939845,0.35781336545944215,1.1494274870082402,1.725040839612484,0.18880404829978942
400,50,0.2058337679831311,0.2939327721484005,0.26764811609406025,0.23258202319964766,0.3525811620056629,1.1418666500519372,1.7603199112415313,0.13042233794927596
401,50,0.21706222384236754,0.29627502016723156,0.2571085950033739,0.22955070666968821,0.3304234692454338,1.2065597517594808,1.7824702656269074,0.14144822090864181
402,50,0.23091337292455136,0.30069663770496846,0.2144037846662104,0.25398129913955925,0.3471002708375454,1.1666363294820996,1.7517680895328522,0.16591943860054015
403,50,0.1972431601327844,0.25748401616699995,0.2884264534432441,0.2568387046083808,0.3161833439767361,1.2644110807406685,1.7529499433934688,0.1684025201201439
404,50,0.21674635119736194,0.2751378259807825,0.27962498269975183,0.2284857519948855,0.3240580600500107,1.216897192292672,1.7685843259096146,0.14286240071058273
405,50,0.24851353934034706,0.2814021251862869,0.22696907156147061,0.24310867130290717,0.3449799780547619,1.1710109747050201,1.7409328301250935,0.16358457684516906
406,50,0.20606707305647431,0.3165028739348054,0.2627505645831116,0.21466304393019528,0.347471374720335,1.1445084033932842,1.746631659269333,0.1514658024907112
407,50,0.24191982042044402,0.264776481972076,0.2400682520121336,0.2532270607119426,0.33708462908864023,1.1749796482205677,1.7598441034555434,0.13783577859401702
408,50,0.20998246042057872,0.30912549789994953,0.2710519071505405,0.20983500920236112,0.34850455082952975,1.1744519544094174,1.7069390827417374,0.1663193666934967
409,50,0.23330156689276918,0.249004713781178,0.2477735389396548,0.26991493850946424,0.3189219712652266,1.3376466289898405,1.7249358361959457,0.1737658914923668
410,50,0.22229696035385133,0.2685162567766383,0.2953080001845956,0.213874096814543,0.31257960975170135,1.247298463848121,1.7958985668420793,0.1190138566493988
411,50,0.21296220840886235,0.2895880163623951,0.27405075770802795,0.22338822836987673,0.3454939767718315,1.169088951634141,1.716329706311226,0.16317864179611205
412,50,0.22711529701948166,0.2846345962863415,0.2582004520855844,0.2300448496779427,0.3710339667648077,1.146565080408814,1.7109821936488152,0.18053876399993896
413,50,0.2351072381157428,0.3164447021437809,0.24824229246471077,0.20019885672489182,0.30792490143328904,1.3595430676533113,1.7022357714176177,0.18089001774787902
414,50,0.19948815495241434,0.28610475254710765,0.27831158157554453,0.2360900639812462,0.32133141115307806,1.2821222041928928,1.7016400742530822,0.1792135116457939
415,50,0.1999429547507316,0.3122810063231736,0.28558467276394367,0.20216573681682348,0.32989396624267103,1.2889929737163903,1.7171167147159576,0.18855961620807649
416,50,0.2203302500490099,0.2973276134580374,0.24832929315045477,0.23400576185435057,0.3438430803269148,1.2063804996490963,1.7134229853749274,0.1751648098230362
417,50,0.231196703389287,0.2914106958848424,0.27412339189089835,0.20325871649198235,0.327640138566494,1.222075209873096,1.7520770528912544,0.1653656941652298
418,50,0.23144147381186486,0.31144037569873034,0.2532981037348509,0.20381147340405734,0.37228521034121514,1.0904088984554008,1.6971595031023026,0.17127729892730714
419,50,0.2507363195810467,0.270733038992621,0.23447621514089406,0.24404671486467122,0.34929542168974875,1.178779060236004,1.7075562891364098,0.18298761993646623
420,50,0.20528738480061293,0.305966992827598,0.28954664510209116,0.1991939609358087,0.34617812231183054,1.1934733313749377,1.7142658254504204,0.15594946086406708
421,50,0.2173692844156176,0.26028441842645406,0.28636163735296577,0.2359789178147912,0.3252531132102013,1.2587946891365456,1.7442349326610564,0.16090620994567872
422,50,0.21141764232888818,0.27881760999560357,0.30030857447069137,0.20945194141473622,0.34778563424944875,1.211248195811243,1.7072858360409737,0.15073276460170745
423,50,0.2040691637713462,0.25605789961759,0.28417534595588223,0.25569390133488923,0.3454091136157513,1.1754567462489571,1.7312171371281146,0.17586574018001555
424,50,0.19843576095998286,0.2687827259488404,0.3117889232188463,0.2209863983793184,0.30997480630874635,1.2776025433307734,1.7637623530626296,0.1473190203309059
425,50,0.19765404041856527,0.34864136166870596,0.23498594525735825,0.21871320582926274,0.35150840528309346,1.1829183068969877,1.7377488189935684,0.18086483865976333
426,50,0.2449241554737091,0.23951340954750777,0.2769411369413137,0.23861661102622747,0.32696693181991576,1.2173422969944505,1.7349183690547942,0.15036479622125626
427,50,0.19279911309480668,0.3099872475164011,0.29074248038232325,0.20646621856372804,0.35937090307474134,1.161675690111273,1.7164308249950408,0.2016747435927391
428,50,0.22539552623406053,0.28177323458716275,0.23724505436141044,0.2555828405171633,0.35603848338127136,1.1047850008648161,1.7587169325351715,0.14567653715610504
429,50,0.2218509017303586,0.2659579466236755,0.29507861860096457,0.2171080652438104,0.32349347963929176,1.3291065716670587,1.7073138689994811,0.17264425545930862
430,50,0.2216188395768404,0.27714799623587166,0.289755677273497,0.21147370358463377,0.35083009243011476,1.1574116763352795,1.7464052963256835,0.14439161241054535
431,50,0.21499439120292663,0.2659529672237113,0.2819709951803088,0.23707638951018453,0.3325271655619144,1.1971955113216348,1.7375150263309478,0.1540555939078331
432,50,0.2119015484675765,0.31393548257648946,0.2536471419595182,0.2205081106722355,0.3562299907207489,1.1419839108425847,1.752748234272003,0.14452860832214356
433,50,0.23184754132293164,0.28185092121362687,0.2446209771372378,0.24167653620243074,0.32346253484487536,1.2143689885030169,1.7804190301895142,0.1405528047680855
434,50,0.20960018694400787,0.27801954990252853,0.3068190789222717,0.2055554003501311,0.36200871363282205,1.1097177021381208,1.7374491381645203,0.1596469324827194
435,50,0.2114468265324831,0.31443285873159765,0.26263327457010743,0.21147067300975322,0.342694428563118,1.1548215450241748,1.7443598556518554,0.14702002614736556
436,50,0.2213320841640234,0.2516577401664108,0.2786076438799501,0.24839646039530636,0.33396145075559613,1.190373050858746,1.7576094126701356,0.17169706612825394
437,50,0.20785966239869594,0.272653961579781,0.32266202580183745,0.1968137022270821,0.32654052540659906,1.2523400939170113,1.7440082585811616,0.15662833034992218
438,50,0.22273772197309882,0.285539579205215,0.25274449413409456,0.238972507417202,0.3068713692575693,1.3551190554851829,1.750862649977207,0.16917021304368973
439,50,0.21979738267138602,0.24925161980092525,0.2853858454525471,0.24555947072803974,0.3332270708680153,1.1896036128254062,1.7857716369628907,0.11937332421541214
440,50,0.20399959072470664,0.2836910322587937,0.28514426954090594,0.22715505028143526,0.35019754454493524,1.1291295605514788,1.7751131975650787,0.14415262192487716
441,50,0.20610763571225107,0.3126548258215189,0.2737610613461584,0.20747088827192783,0.3431053075194359,1.1562851436333128,1.7837429451942444,0.13759605288505555
442,50,0.23951357655227185,0.2778479546215385,0.2553436428308487,0.22728854958433659,0.37129641577601435,1.0488864162448095,1.7457669138908387,0.1451442864537239
443,50,0.2160226986091584,0.2579190727323294,0.2932681551296264,0.23278485745191574,0.3325005476176739,1.1948725086606529,1.7771483331918716,0.16507439583539962
444,50,0.2057297903764993,0.32058577224612234,0.2546641747816466,0.21899521958082915,0.29758917182683947,1.362678038341117,1.7331598383188247,0.1637507700920105
445,50,0.23355751544237136,0.2774568987451494,0.2743240416655317,0.21465383047703654,0.31223337441682814,1.2981120573867042,1.7738264383375644,0.1432432585954666
446,50,0.20970887381583453,0.29365698136389257,0.266305047031492,0.2303180094063282,0.3292112563550472,1.2182806984953403,1.768742196559906,0.15938089191913604
447,50,0.20562075934838503,0.27522575031965973,0.26657477547531017,0.25256985291838646,0.3616155780106783,1.1711104375471613,1.7566774666309357,0.18278440535068513
448,50,0.22483903411775827,0.31980599178932606,0.22809399116784335,0.22725274949800223,0.3472380984574556,1.169903550401945,1.7376783692836761,0.16965774625539778
449,50,0.1933567190542817,0.3056827361881733,0.27650747121311725,0.2244478289783001,0.3198629651963711,1.2403557903184335,1.783688889145851,0.11769146770238877
450,50,0.22647800404578447,0.29619481226429345,0.2606498382706195,0.21667104743421078,0.35657282173633575,1.1170115451389426,1.7469774723052978,0.16190281957387925
451,50,0.22837074751034378,0.278232811242342,0.2509098798967898,0.24247900761663913,0.34868743404746055,1.1733915122733338,1.7538157033920287,0.15290228068828582
452,50,0.21301707728998737,0.25282845297828316,0.27912179682520216,0.25502817139029504,0.33030379947274924,1.2751273342702454,1.7390991869568824,0.16475860863924027
453,50,0.20368358144536614,0.2877312429994345,0.29884726510383186,0.2097307052090764,0.3574086625874042,1.1485429516160284,1.744851316213608,0.16286784887313843
454,50,0.22587107824161648,0.2976613114029169,0.25596009703353045,0.2205017141252756,0.3397931787371635,1.168572811291388,1.772086312174797,0.15026378273963928
455,50,0.24980143003165722,0.26670562861603686,0.22988438051193952,0.2536033112485893,0.33072476625442504,1.2021472556092663,1.7765331172943115,0.13131514728069305
456,50,0.20524352606385945,0.2784888828545809,0.2979560661315918,0.21830404769163578,0.31749628581106665,1.2534576469916856,1.7886019960045814,0.10964455157518387
457,50,0.20857155942358077,0.3134407782554626,0.266297644842416,0.21168401014059782,0.3331095933355391,1.2579830432042989,1.7428285717964171,0.18224977284669877
458,50,0.22175783372484148,0.27318397611379625,0.24681466924026607,0.2582389236614108,0.3220068782567978,1.2585317601755814,1.7757157227396965,0.14868617683649063
459,50,0.20425750175956636,0.291453438187018,0.27076383264386095,0.233520432934165,0.3481182765960693,1.1794280795388254,1.7264562726020813,0.1732236349582672
460,50,0.2009973043948412,0.29086001477437096,0.2718615675717592,0.23627523883245885,0.30290726587176325,1.3421658698152819,1.7586483225226401,0.1735937339067459
461,50,0.19464959524571895,0.30251931051490827,0.2861847223341465,0.21663784755859525,0.31789916604757307,1.2686795836744924,1.7586004596948623,0.1474728813767433
462,50,0.2254902368783951,0.29994006955064834,0.2498544554784894,0.22471003361511976,0.3301789319515228,1.2136116632457614,1.7669984424114227,0.15258888989686967
463,50,0.19826674230396749,0.2652701424062252,0.28847301261499525,0.24798174627125263,0.3413795561343431,1.2150239299622545,1.7373715448379516,0.18665388375520706
464,50,0.2078474410250783,0.2740336973406374,0.3042569208517671,0.21384314651601016,0.31485066801309586,1.2579807571818993,1.7804581356048583,0.15247112333774568
465,50,0.2337296288460493,0.2288858937146142,0.29208957666531205,0.24528726058546454,0.3363985948264599,1.172852542223567,1.7622678250074386,0.15715990513563155
466,50,0.20309017110150307,0.27905823074281216,0.28108102253638206,0.23676471043378114,0.3494805405288935,1.1839029798454508,1.749995294213295,0.16720207840204238
467,50,0.2293263691663742,0.2752281984873116,0.2599147020280361,0.23552694672020152,0.335270399749279,1.176342655212892,1.796791759878397,0.13758334517478943
468,50,0.22219056375324725,0.26367029778659345,0.26364571366459133,0.25048951521515844,0.35204016029834745,1.1140465575754361,1.786636357307434,0.1390662035346031
469,50,0.2165153480321169,0.2874500654800795,0.2609386894106865,0.2350859990250319,0.3616688716411591,1.10791761039743,1.7662565797567367,0.1490063512325287
470,50,0.21833646975457668,0.2875041314680129,0.24436119422316552,0.249791197902523,0.317575981169939,1.2449461850151253,1.7810012650489808,0.14805845886468888
471,50,0.20547727834433316,0.283776388913393,0.26649857603013516,0.24424077201634645,0.31638533774763344,1.2866227880632002,1.772448649406433,0.12992426723241807
472,50,0.22041771978139876,0.2997334005776793,0.2573142031207681,0.22252893408294766,0.3371101322025061,1.1919399240935347,1.7572493743896485,0.13949961483478546
473,50,0.24255644835531712,0.2831313009443693,0.2472075885627419,0.2270799620449543,0.34783487528562546,1.1815668131671107,1.7464933015406132,0.15997386425733567
474,50,0.2346681499108672,0.24678377309814095,0.26250349946320056,0.2560371959093027,0.3100684634596109,1.3185470672358166,1.7819260078668595,0.14486942410469056
475,50,0.23538156896829604,0.24903336766175926,0.29032313629053536,0.2252511067315936,0.3460683973133564,1.1569291486138438,1.7626225858926774,0.16452363073825838
476,50,0.22937685238197447,0.2913840912654996,0.25450772712007164,0.22472261123359202,0.32896180868148805,1.2350655224748428,1.7727020645141602,0.13458419352769851
477,50,0.22856912329792978,0.24835855029523374,0.2745504167163745,0.24851288534700872,0.3088613560795784,1.3141462868635727,1.7777431559562684,0.12351127862930297
478,50,0.22798234410583973,0.2745875770971179,0.2622627145051956,0.23516182594001292,0.3603178799524903,1.1172866281182265,1.7553110909461975,0.15021261930465699
479,50,0.22204414058476687,0.2783659416437149,0.2772232065303251,0.22236034110188485,0.34549940407276153,1.1434322579290856,1.7734931588172913,0.1441550025343895
480,50,0.2356888960301876,0.26476996985264123,0.25789161801338195,0.24164486915804445,0.34333721339702605,1.150717588449061,1.7766221296787261,0.1279655760526657
481,50,0.21742346992716194,0.2682170365191996,0.275419532423839,0.23893207632005214,0.3636905632913113,1.1059477422775874,1.7260949671268464,0.16620669811964034
482,50,0.2227717948053032,0.3246177673339844,0.24065797097980976,0.2119444402679801,0.3294050063937902,1.2303665541789348,1.7589133632183076,0.14675102412700652
483,50,0.2132011003792286,0.27720055719837544,0.27325884798774497,0.23633421316742897,0.33399791121482847,1.247079797374999,1.7580425074696542,0.16981698870658873
484,50,0.21994876585900783,0.2805324155092239,0.2892333836760372,0.21028153833001853,0.3368728773295879,1.1915093554009502,1.7462189137935638,0.16105040431022644
485,50,0.23519686594605446,0.28560106640681626,0.27266853873617947,0.2065292017161846,0.3120133092999458,1.2743981269653348,1.760929732322693,0.16274889886379243
486,50,0.23602846637368202,0.2616853304067627,0.2944924171920866,0.2077866697893478,0.2821360462065786,1.4740540589569753,1.7567479495704175,0.15408550888299943
487,50,0.21915809832513333,0.28237505234777927,0.2951978768594563,0.20326249438337982,0.33618400916457175,1.2391248206432737,1.7424250215291976,0.18196398556232452
488,50,0.23823823377490044,0.280259577780962,0.2658450921997428,0.21565033704042436,0.31440873362123967,1.2836593502022475,1.774054389297962,0.14485566288232804
489,50,0.22993021108210088,0.27857076257932933,0.2840102935768664,0.20748286304995417,0.3263880905508995,1.2658688521094164,1.7548337012529374,0.1413736128807068
490,50,0.24809700101614,0.2535843225196004,0.27508210180327297,0.22323025877587496,0.31702865213155745,1.27666538204276,1.773805124759674,0.1360970601439476
491,50,0.23284045673906803,0.29124153619632126,0.2636527289263904,0.21226033564656974,0.35327864535152914,1.1753337637727332,1.7372311091423034,0.17456400483846665
492,50,0.24825970873236655,0.25771047212183473,0.25473413353785873,0.23928947292268277,0.3241720585525036,1.2461466102277632,1.7831325328350067,0.13745305359363555
493,50,0.2244726002216339,0.29690604884177446,0.28791696071624756,0.19068685306236147,0.33403978556394576,1.2030599457692457,1.7801827961206436,0.12381321042776108
494,50,0.2519257754832506,0.24654035428538917,0.26788555927574637,0.23364243891090156,0.3195723032206297,1.2671870648754255,1.7899349129199982,0.16136992901563643
495,50,0.2366329088807106,0.25721090216189624,0.2828028205782175,0.2233495196327567,0.3588750448822975,1.118883007533187,1.7651624065637588,0.15073474884033203
496,50,0.21646275900304318,0.2955019119381905,0.2767708968371153,0.21125972159206868,0.35646426245570184,1.116979685553144,1.7674282848834992,0.1761751714348793
497,50,0.23393366627395154,0.27131849121302365,0.28174367785453797,0.21299950897693634,0.3455413400381804,1.159201381975901,1.7939833724498748,0.14152933210134505
498,50,0.2500101832300425,0.25733434207737443,0.27832106985151767,0.2143259232863784,0.3396351936459541,1.1667664095791137,1.7637158691883088,0.14113011360168456
499,50,0.26515942975878715,0.23516827315092087,0.2611108790338039,0.2385582433640957,0.3612506841868162,1.1470945039484208,1.7686318063735962,0.173258897960186
500,50,0.23707018658518791,0.2625335479900241,0.268617267049849,0.23177552472800017,0.35108908645808695,1.1327616155019582,1.7945715403556823,0.12615680396556855
501,50,0.24184640921652317,0.23611263133585453,0.2957552943378687,0.22628281436860562,0.3078216162323952,1.242936117843628,1.8149307656288147,0.1065264517068863
502,50,0.23920256040990354,0.2501526077836752,0.269094214849174,0.24154550213366746,0.2974024160206318,1.308951312980384,1.8078040266036988,0.12111111432313919
503,50,0.23113755606114864,0.2620449709147215,0.280982353463769,0.22583254486322402,0.3077263639867306,1.263622070842153,1.8331913542747498,0.09672391682863235
504,50,0.22479837328195573,0.2627402513474226,0.29027775406837464,0.22218095973134042,0.28838263437151906,1.3185718912239692,1.8337665247917174,0.10199672430753708
505,50,0.20141180291771887,0.26831727057695387,0.30443917892873285,0.22582899391651154,0.30690243422985075,1.2367206242215092,1.816267409324646,0.1222958505153656
506,50,0.23804721772670745,0.2702326168864965,0.2531218110024929,0.23859676033258437,0.2955074082314968,1.315397233889304,1.8251347827911377,0.14973736315965652
507,50,0.23553171038627624,0.23841768283396958,0.2971626853197813,0.2288862519711256,0.29431549556553366,1.3193692711058145,1.816397614479065,0.1169279506802559
508,50,0.2385916543006897,0.24555757366120814,0.2768784589320421,0.23897047013044356,0.30032408341765404,1.2563065262897057,1.8528541135787964,0.10196718782186508
509,50,0.23585314750671388,0.25307339027523995,0.2929781310260296,0.21809361197054386,0.2991967648267746,1.276561928736873,1.8361297702789308,0.10701241940259934
510,50,0.2409983006119728,0.2782987965643406,0.24128105081617832,0.23942061722278596,0.29550441771745684,1.2843309402810774,1.8613669276237488,0.10680176824331283
511,50,0.24676396399736406,0.2522403147816658,0.2786803933978081,0.222314051091671,0.29066374063491823,1.2811367296200882,1.9155527639389038,0.1021971133351326
